<courses>
    <course code="CS111" courseName="Introduction to Computing" sem_type="true"/>
    <course code="IS121" courseName="Introduction to Information Systems" sem_type="true"/>
    <course code="MA111" courseName="Linear Algebra and Calculus" sem_type="true"/>
    <course code="UU114" courseName="English for Academic Purposes" sem_type="true"/>
    <course code="UU100A" courseName="Information Literacy (Online)" sem_type="false"/>
    <course code="CS112" courseName="Data Structure and Algorithms" prerequisites="CS111" sem_type="true"/>
    <course code="MA161" courseName="Discrete Mathematics" prerequisites="MA111" sem_type="true"/>
    <course code="ST130" courseName="Basic Statistics" sem_type="true"/>
    <course code="IS122" courseName="Application Programming" prerequisites="IS121" sem_type="true"/>
    <course code="IS104" courseName="Computing for Science and Technology" sem_type="true"/>
    <course code="MA112" courseName="Calculus II" prerequisites="MA111" sem_type="true"/>
    <course code="ST131" courseName="Introduction to Statistics" sem_type="true"/>
    <course code="UU100" courseName="Communication and Information Literacy" sem_type="true"/>
    <course code="CS211" courseName="Computer Organization" prerequisites="CS112" sem_type="true"/>
    <course code="CS230" courseName="Requirements Engineering" prerequisites="CS112" sem_type="true"/>
    <course code="IS222" courseName="Database Management Systems" prerequisites="IS121" sem_type="true"/>
    <course code="CS215" courseName="Computer Communications and Management" prerequisites="CS211" sem_type="true"/>
    <course code="CS001" courseName="Foundamentals of Computer Project" sem_type="false"/>
    <course code="UU200" courseName="Ethics and Governance" sem_type="true"/>
    <course code="UU204" courseName="Pacific Folks" sem_type="true"/>
    <course code="CS214" courseName="Design of Data Structure and Algorithms" prerequisites="CS112" sem_type="true"/>
    <course code="CS310" courseName="Computer Systems" prerequisites="CS211" sem_type="true"/>
    <course code="CS311" courseName="Operating Systems" prerequisites="CS211" sem_type="true"/>
    <course code="IS333" courseName="Project Management" prerequisites="75% Completion of 200 Level" sem_type="true"/>
    <course code="CS350" courseName=" Wireless Networks " prerequisites="CS311" sem_type="true"/>
    <course code="IS314" courseName="Computing Projects" prerequisites="IS222, CS241, IS226" sem_type="true"/>
    <course code="CS317" courseName=" Computer and Network Security" prerequisites="CS311" sem_type="true"/>
    <course code="CS324" courseName="Distributed Computing" prerequisites="CS211" sem_type="true"/>
    <course code="IS328" courseName="Data Mining" prerequisites="IS222" sem_type="true"/>
    <course code="CS351" courseName="Network Design and Administration" prerequisites=" CS310" sem_type="true"/>
    <course code="IS221" courseName="Web Application Development" sem_type="true"/>
    <course code="IS202" courseName="Data Science" prerequisites="ST130" sem_type="true"/>
    <course code="IS226" courseName="Systems, Analysis and Design" prerequisites="IS121" sem_type="true"/>
    <course code="IS351" courseName="Data and Information Security" prerequisites="IS222" sem_type="true"/>
    <course code="IS302" courseName="Data Analytics" prerequisites="IS226" sem_type="true"/>
    <course code="IS322" courseName="Business Information Systems" prerequisites="IS222" sem_type="true"/>
    <course code="PH102" courseName="Classical Physics" sem_type="true"/>
    <course code="PH103" courseName="Quantum and Electrical Physics" sem_type="true"/>
    <course code="CH105" courseName="Chemistry for Applied Science" sem_type="true"/>
    <course code="PH202" courseName="Environmental Physics" sem_type="true"/>
    <course code="PH204" courseName="Modern Physics" sem_type="true"/>
    <course code="PH206" courseName="Electromagnetism and Electronics" sem_type="true"/>
    <course code="SC356" courseName="Research Skills" sem_type="true"/>
    <course code="PH301" courseName="Renewable Energy Systems" sem_type="true"/>
    <course code="PH302" courseName="Electronic Communication Systems" sem_type="true"/>
    <course code="PH304" courseName="Solid State Physics" sem_type="true"/>
    <course code="PH306" courseName="Special Topics" sem_type="true"/>
    <course code="CH105" courseName="Chemistry for Physics Majors" note="Not required for EE or MM majors" sem_type="true"/>
    <course code="EE102" courseName="Fundamentals for Electrical and Electronics Engineering" sem_type="true"/>
    <course code="MM103" courseName="Engineering Mechanics" sem_type="true"/>
    <course code="EE211" courseName="Electrical Machines" sem_type="true"/>
    <course code="EE212" courseName="Analogue Electronics 1 " sem_type="true"/>
    <course code="EE222" coursecourseName="Digital Logic Design" sem_type="true"/>
    <course code="EE224" coursecourseName="Signals and Systems" sem_type="true"/>
    <course code="EE225" coursecourseName="Amplifiers and Power Electronics" sem_type="true"/>
    <course code="PH302" courseName="Advanced Physics" sem_type="true"/>
    <course code="EE312" courseName="Control System Engineering" sem_type="true"/>
    <course code="EE313" courseName="Microprocessor Applications" sem_type="true"/>
    <course code="EE314" courseName="Electrical Engineering Design" sem_type="true"/>
    <course code="EE321" courseName="Power Systems Analysis" sem_type="true"/>
    <course code="EE323" courseName="Digital Control Systems" sem_type="true"/>
    <course code="EE325" courseName="Electrical Drives" sem_type="true"/>
    <course code="EE326" courseName="Embedded Systems" sem_type="true"/>
    <course code="IndustrialAttachment" courseName="10-Week Industrial Attachment" sem_type="true"/>
    <course code="PH102" courseName="Physics for Engineers" sem_type="true"/>
    <course code="MA112" courseName="Advanced Calculus" sem_type="true"/>
    <course code="MM101" courseName="Engineering Graphics and Design" sem_type="true"/>
    <course code="MM211" courseName="Solid Mechanics 1" sem_type="true"/>
    <course code="MM214" courseName="Dynamics" sem_type="true"/>
    <course code="MM221" courseName="Thermodynamics and Heat Transfer" sem_type="true"/>
    <course code="MM222" courseName="Fluid Mechanics" sem_type="true"/>
    <course code="MM223" courseName="Manufacturing Processes" sem_type="true"/>
    <course code="MM311" courseName="Applied Thermo Fluids" sem_type="true"/>
    <course code="MM315" courseName="Solid Mechanics 2" sem_type="true"/>
    <course code="MM321" courseName="Refrigeration and Air Conditioning" sem_type="true"/>
    <course code="MM323" courseName="Manufacturing Systems" sem_type="true"/>
    <course code="MG101" courseName="Introduction to Management" sem_type="true"/>
    <course code="CS140" courseName="Introduction to Software Engineering" sem_type="true"/>
    <course code="CS241" courseName="Software Design and Implementation" prerequisites="CS112, CS230" sem_type="true"/>
    <course code="CS218" courseName="Mobile Computing" prerequisites="CS112" sem_type="true"/>
    <course code="CS219" courseName="Cloud Computing" prerequisites="CS112" sem_type="true"/>
    <course code="CS352" courseName="Cybersecurity Principles" sem_type="true"/>
    <course code="CS324" courseName="Distributed Systems" prerequisites="CS214 or CS218 or CS219" sem_type="true"/>
    <course code="CS341" courseName="Software Quality Assurance and Testing" prerequisites="CS241" sem_type="true"/>
    <course code="IS314" courseName="Computing Project" prerequisites="IS222 or CS241" sem_type="true"/>
    <course code="CS403" courseName="Cyber Defense: Governance and Risk Management" prerequisites="CS352, 75% completion of 300 Level courses" sem_type="true"/>
    <course code="CS412" courseName="Artificial Intelligence" prerequisites="75% completion of 300 Level courses" sem_type="true"/>
    <course code="CS424" courseName="Big Data Technologies" prerequisites="75% completion of 300 Level courses" sem_type="true"/>
    <course code="CS400" courseName="Industrial Experience Project" prerequisites="Completion of All 100,200,300,400 level courses" sem_type="true"/>
    <course code="CS150" courseName="Introduction to Software Engineering" sem_type="true"/>
    <course code="CS317" courseName="Computer and Network Security " prerequisites="CS215" sem_type="true"/>
    <course code="CS350" courseName="Wireless Networks" prerequisites="CS215" sem_type="true"/>
    <course code="EE102" courseName="Introduction to Electrical Engineering" sem_type="true"/>
    <course code="MM103" courseName="Engineering Mathematics" sem_type="true"/>
    <course code="CS111" courseName="Programming Concepts" sem_type="true"/>
    <course code="MA211" courseName="Advanced Calculus" sem_type="true"/>
    <course code="CV211" courseName="Solid Mechanics 1" sem_type="true"/>
    <course code="CV212" courseName="Metallurgy and Material Science" sem_type="true"/>
    <course code="EV201" courseName="Environment and Society in the South Pacific" sem_type="true"/>
    <course code="EN001" courseName="Industrial Work Experience (IWE)" sem_type="true"/>
    <course code="MA272" courseName="Engineering Mathematics 4" sem_type="true"/>
    <course code="CV203" courseName="Engineering Survey" sem_type="true"/>
    <course code="CV222" courseName="Fluid Mechanics" sem_type="true"/>
    <course code="CH205" courseName="Chemistry for Engineers" sem_type="true"/>
    <course code="CV311" courseName="Concrete Technology" sem_type="true"/>
    <course code="CV312" courseName="Structural Analysis" sem_type="true"/>
    <course code="CV313" courseName="Transportation Engineering" sem_type="true"/>
    <course code="CV316" courseName="Hydraulics" sem_type="true"/>
    <course code="CV321" courseName="Steel Structures" sem_type="true"/>
    <course code="CV322" courseName="Construction Management" sem_type="true"/>
    <course code="CV323" courseName="Water Resources Engineering" sem_type="true"/>
    <course code="CV324" courseName="Soil Mechanics" sem_type="true"/>
    <course code="CV461" courseName="Project Management" sem_type="true"/>
    <course code="CV469" courseName="Advanced Structural Design" sem_type="true"/>
    <course code="CV488" courseName="Capstone Project Part 1" sem_type="true"/>
    <course code="CV462" courseName="Foundation Engineering" sem_type="true"/>
    <course code="CV463" courseName="Bridge Engineering" sem_type="true"/>
    <course code="CV464" courseName="Hydrology" sem_type="true"/>
    <course code="CV491" courseName="Civil Engineering Practice" sem_type="true"/>
    <course code="CV492" courseName="Capstone Project Part 2" sem_type="true"/>
    <course code="CV499" courseName="Research Project" sem_type="true"/>
    <course code="CV493" courseName="Traffic Engineering" sem_type="true"/>
    <course code="CV494" courseName="Earthquake Engineering" sem_type="true"/>
    <course code="CV495" courseName="Sustainable Infrastructure" sem_type="true"/>
    <course code="CV496" courseName="Advanced Geotechnics" sem_type="true"/>
    <course code="SC400" courseName="Research Methods" sem_type="true"/>
    <course code="CS415" courseName="Advanced Software Engineering" sem_type="true"/>
    <course code="CS427" courseName="Mobile Comunications" sem_type="true"/>
    <course code="CS427" courseName="Mobile Communications" sem_type="true"/>
    <course code="Thesis" sem_type="true"/>
    <course code="Thesis" prerequisites="SC400 and three IS400-level courses" sem_type="true"/>
    <course code="Supervised Report" prerequisites="SC400, IS431 and four IS400-level courses" sem_type="true"/>
</courses>