<prerequisites>
    <prerequisite prerequisiteName="CS111"/>
    <prerequisite prerequisiteName="CS112"/>
    <prerequisite prerequisiteName="MA111"/>
    <prerequisite prerequisiteName="IS121"/>
    <prerequisite prerequisiteName="MA111"/>
    <prerequisite prerequisiteName="MA111"/>
    <prerequisite prerequisiteName="MA111"/>
    <prerequisite prerequisiteName="CS111"/>
    <prerequisite prerequisiteName="MA111"/>
    <prerequisite prerequisiteName="CS112"/>
    <prerequisite prerequisiteName="IS121"/>
    <prerequisite prerequisiteName="CS211"/>
    <prerequisite prerequisiteName="CS111"/>
    <prerequisite prerequisiteName="MA111"/>
    <prerequisite prerequisiteName="CS112"/>
    <prerequisite prerequisiteName="IS121"/>
    <prerequisite prerequisiteName="CS112"/>
    <prerequisite prerequisiteName="CS111"/>
    <prerequisite prerequisiteName="CS211"/>
    <prerequisite prerequisiteName="CS211"/>
    <prerequisite prerequisiteName="75% completion of 200 Level"/>
    <prerequisite prerequisiteName="CS311"/>
    <prerequisite prerequisiteName="IS222"/>
    <prerequisite prerequisiteName="CS241"/>
    <prerequisite prerequisiteName="IS226"/>
    <prerequisite prerequisiteName="CS311"/>
    <prerequisite prerequisiteName="CS211"/>
    <prerequisite prerequisiteName="IS222"/>
    <prerequisite prerequisiteName="CS310"/>
    <prerequisite prerequisiteName="IS121"/>
    <prerequisite prerequisiteName="IS121"/>
    <prerequisite prerequisiteName="ST130"/>
    <prerequisite prerequisiteName="IS121"/>
    <prerequisite prerequisiteName="IS121"/>
    <prerequisite prerequisiteName="IS222"/>
    <prerequisite prerequisiteName="75% Completion of 200 Level"/>
    <prerequisite prerequisiteName="IS226"/>
    <prerequisite prerequisiteName="IS222"/>
    <prerequisite prerequisiteName="IS121"/>
    <prerequisite prerequisiteName="IS121"/>
    <prerequisite prerequisiteName="IS121"/>
    <prerequisite prerequisiteName="IS121"/>
    <prerequisite prerequisiteName="IS121"/>
    <prerequisite prerequisiteName="IS222"/>
    <prerequisite prerequisiteName="75% Completion of 200 Level"/>
    <prerequisite prerequisiteName="IS222"/>
    <prerequisite prerequisiteName="Completion of eight 200 level courses"/>
    <prerequisite prerequisiteName="CS111"/>
    <prerequisite prerequisiteName="MA111"/>
    <prerequisite prerequisiteName="CS112"/>
    <prerequisite prerequisiteName="CS111"/>
    <prerequisite prerequisiteName="CS140"/>
    <prerequisite prerequisiteName="IS121"/>
    <prerequisite prerequisiteName="CS211"/>
    <prerequisite prerequisiteName="CS112"/>
    <prerequisite prerequisiteName="CS230"/>
    <prerequisite prerequisiteName="CS112"/>
    <prerequisite prerequisiteName="CS112"/>
    <prerequisite prerequisiteName="CS211"/>
    <prerequisite prerequisiteName="CS211"/>
    <prerequisite prerequisiteName="75% completion of 200 Level"/>
    <prerequisite prerequisiteName="CS214"/>
    <prerequisite prerequisiteName="CS218"/>
    <prerequisite prerequisiteName="CS219"/>
    <prerequisite prerequisiteName="CS241"/>
    <prerequisite prerequisiteName="IS222"/>
    <prerequisite prerequisiteName="IS222"/>
    <prerequisite prerequisiteName="CS241"/>
    <prerequisite prerequisiteName="75% Completion of 300 level BSE courses"/>
    <prerequisite prerequisiteName="CS352"/>
    <prerequisite prerequisiteName="75% Completion of 300 Level Courses"/>
    <prerequisite prerequisiteName="75% Completion of 300 Level Courses"/>
    <prerequisite prerequisiteName="75% completion of 300 Level courses"/>
    <prerequisite prerequisiteName="Completion of All 100, 200, 300, 400 level courses"/>
    <prerequisite prerequisiteName="CS111"/>
    <prerequisite prerequisiteName="MA111"/>
    <prerequisite prerequisiteName="CS112"/>
    <prerequisite prerequisiteName="IS121"/>
    <prerequisite prerequisiteName="CS211"/>
    <prerequisite prerequisiteName="CS112"/>
    <prerequisite prerequisiteName="CS112"/>
    <prerequisite prerequisiteName="CS211"/>
    <prerequisite prerequisiteName="CS211"/>
    <prerequisite prerequisiteName="75% Completion of 200 Level"/>
    <prerequisite prerequisiteName="CS214"/>
    <prerequisite prerequisiteName="CS218"/>
    <prerequisite prerequisiteName="CS219"/>
    <prerequisite prerequisiteName="CS215"/>
    <prerequisite prerequisiteName="CS215"/>
    <prerequisite prerequisiteName="CS310"/>
    <prerequisite prerequisiteName="CS352"/>
    <prerequisite prerequisiteName="75% completion of 300 Level courses"/>
    <prerequisite prerequisiteName="75% completion of 300 Level courses"/>
    <prerequisite prerequisiteName="75% completion of 300 Level courses"/>
    <prerequisite prerequisiteName="Completion of All 100, 200, 300, 400 Level Courses"/>
</prerequisites>