<programs>
    <program programName="Certificate in Computing" />
    <program programName="Certificate in Information Systems" />
    <program programName="Certificate in Mathematics" />
    <program programName="Diploma in Computing" />
    <program programName="Diploma in Information System" />
    <program programName="Diploma in Mathematics" />
    <program programName="Bachelor of Arts" />
    <program programName="Bachelor of Commerce" />
    <program programName="Bachelor of Science" />
    <program programName="Bachelors in Software Engineering" />
    <program programName="Bachelors in Networks and Security" />
    <program programName="Bachelor of Engineering(Civil)" />
    <program programName="Bachelor of Engineering(Electrical and Electronics)" />
    <program programName="Bachelor of Engineering(Mechanical)" />
    <program programName="Postgraduate Diploma in Information Technology" />
    <program programName="Postgraduate Diploma in Science" />
    <program programName="Postgraduate Diploma in Cybersecurity" />
    <program programName="Masters of Arts in Mathematics" />
    <program programName="Master of Science in Engineering" />
    <program programName="Master of Science in Computing Science" />
    <program programName="Master of Science in Information Systems" />
    <program programName="Master of Science in Mathematics" />
    <program programName="Master of Science in Physics" />
    <program programName="Master of Computing and Information Systems" />
    <program programName="Master of Information Systems" />
    <program programName="Doctor of Philosophy" />
</programs>