<programTypes>
    <programtype programName="Bachelor of Arts(CS)" programTypeName="Single Major"/>
    <programtype programName="Bachelor of Arts(DA)" programTypeName="Single Major"/>
    <programtype programName="Bachelor of Arts(BIS)" programTypeName="Single Major"/>
    <programtype programName="Bachelor of Arts(Maths)" programTypeName="Single Major"/>
    <programtype programName="Bachelor of Commerce(DA)" programTypeName="Single Major"/>
    <programtype programName="Bachelor of Commerce(BIS)" programTypeName="Single Major"/>
    <programtype programName="Bachelor of Science(CS)" programTypeName="Single Major"/>
    <programtype programName="Bachelor of Science(EE)" programTypeName="Single Major"/>
    <programtype programName="Bachelor of Science(DA)" programTypeName="Single Major"/>
    <programtype programName="Bachelor of Science(BIS)" programTypeName="Single Major"/>
    <programtype programName="Bachelor of Science(Maths)" programTypeName="Single Major"/>
    <programtype programName="Bachelor of Science(Physics)" programTypeName="Single Major"/>
    <programtype programName="Bachelor of Arts(CS)" programTypeName="Double Major"/>
    <programtype programName="Bachelor of Arts(DA)" programTypeName="Double Major"/>
    <programtype programName="Bachelor of Arts(BIS)" programTypeName="Double Major"/>
    <programtype programName="Bachelor of Arts(Maths)" programTypeName="Double Major"/>
    <programtype programName="Bachelor of Commerce(DA)" programTypeName="Double Major"/>
    <programtype programName="Bachelor of Commerce(BIS)" programTypeName="Double Major"/>
    <programtype programName="Bachelor of Science(CS)" programTypeName="Double Major"/>
    <programtype programName="Bachelor of Science(EE)" programTypeName="Double Major"/>
    <programtype programName="Bachelor of Science(DA)" programTypeName="Double Major"/>
    <programtype programName="Bachelor of Science(BIS)" programTypeName="Double Major"/>
    <programtype programName="Bachelor of Science(Maths)" programTypeName="Double Major"/>
    <programtype programName="Bachelor of Science(MechEng)" programTypeName="Double Major"/>
    <programtype programName="Bachelor of Science(Physics)" programTypeName="Double Major"/>
    <programtype programName="Bachelor of Arts(CS)" programTypeName="Minor"/>
    <programtype programName="Bachelor of Arts(DA)" programTypeName="Minor"/>
    <programtype programName="Bachelor of Arts(BIS)" programTypeName="Minor"/>
    <programtype programName="Bachelor of Arts(Maths)" programTypeName="Minor"/>
    <programtype programName="Bachelor of Arts(DA)" programTypeName="Minor"/>
    <programtype programName="Bachelor of Arts(BIS)" programTypeName="Minor"/>
    <programtype programName="Bachelor of Science(CS)" programTypeName="Minor"/>
    <programtype programName="Bachelor of Science(DA)" programTypeName="Minor"/>
    <programtype programName="Bachelor of Science(BIS)" programTypeName="Minor"/>
    <programtype programName="Bachelor of Science(Maths)" programTypeName="Minor"/>
    <programtype programName="Bachelor of Science(Physics)" programTypeName="Minor"/>
</programTypes>