<programTypes>
    <programtype programTypeName="Single Major"/>
    <programtype programTypeName="Single Major"/>
    <programtype programTypeName="Single Major"/>
    <programtype programTypeName="Single Major"/>
    <programtype programTypeName="Single Major"/>
    <programtype programTypeName="Single Major"/>
    <programtype programTypeName="Single Major"/>
    <programtype programTypeName="Single Major"/>
    <programtype programTypeName="Single Major"/>
    <programtype programTypeName="Double Major"/>
    <programtype programTypeName="Double Major"/>
    <programtype programTypeName="Double Major"/>
    <programtype programTypeName="Double Major"/>
    <programtype programTypeName="Double Major"/>
    <programtype programTypeName="Minor"/>
    <programtype programTypeName="Minor"/>
    <programtype programTypeName="Minor"/>
    <programtype programTypeName="Minor"/>
    <programtype programTypeName="Minor"/>
</programTypes>