<courses>
<course code="COJ01" courseName="Introduction to Law" />
<course code="COJ02" courseName="Courts and Their Processes " />
<course code="COJ03" courseName="Criminal Law" />
<course code="COJ04" courseName="Civil Law" />
<course code="DG100" courseName="Introduction to Leadership, Governance and Human Rights" />
<course code="DG101" courseName="Principles of Good Leadership and Governance" />
<course code="DG102" courseName="Laws, Legal Systems and Access to Justice" />
<course code="DG200" courseName="Human Rights at Local, National, Regional and International" />
<course code="DG201" courseName="Introduction to the Role and Challenges of Human Rights Defenders" />
<course code="DG202" courseName="Corruption and Anti-Corruption in Pacific Island Countries" />
<course code="DG301" courseName="Leadership, Governance and Human Rights Internship" />
<course code="DG302" courseName="Building Resilience Among Human Rights Defenders" />
<course code="DG400" courseName="Advanced Research Methodology" />
<course code="DG403" courseName="Public Financial Management" />
<course code="DG404" courseName="Ethics of Governance" />
<course code="DG405" courseName="Special Topic in Governance in the Pacific" />
<course code="DG406" courseName="Theories of Governance" />
<course code="DG407" courseName="Conflict and Justice" />
<course code="DG408" courseName="Public Policy Implementation and Appraisal" />
<course code="DG410" courseName="Development Theories and Alternatives" />
<course code="DG411" courseName="Governance and Governments in the South Pacific" />
<course code="DG413" courseName="Special Topic in Development Studies 1" />
<course code="DG414" courseName="Special Topic in Development Studies 2" />
<course code="DG415" courseName="Urbanisation, Development and Urban Planning" />
<course code="DG416" courseName="Development Internship" />
<course code="DG417" courseName="NGOs, Civil Society and Development" />
<course code="DG421" courseName="Development and Change in the Contemporary Pacific" />
<course code="DG422" courseName="Environmental Change and Green Development" />
<course code="DOJ01" courseName="Professionalism and Communication in Court Practice" />
<course code="DOJ02" courseName="Judicial Administration" />
<course code="GN400" courseName="Gender and Feminisms in the Pacific Context" />
<course code="GN401" courseName="Gender, Global Change and Development in a Comparative Perspective" />
<course code="GN402" courseName="Gender and Environment" />
<course code="HY101" courseName="Pacific Islands Prehistory" />
<course code="HY102" courseName="20th Century World History" />
<course code="HY201" courseName="Pacific History: Colonial Worlds to Independence" />
<course code="HY202" courseName="Pacific History: Pre-colonial Power Struggle in Polynesia" />
<course code="HY206" courseName="Modern East Asian History" />
<course code="HY207" courseName="Pacific History: Melanesian Worlds" />
<course code="HY302" courseName="Special Topic: History of Fiji" />
<course code="HY303" courseName="Special Topic: USA in Asia Pacific Region" />
<course code="HY304" courseName="Pacific History: Protest and Identity" />
<course code="HY305" courseName="British Empire and Commonwealth" />
<course code="HY401" courseName="Reading and Viewing in Pacific History" />
<course code="HY402" courseName="Migration and Culture" />
<course code="HY404" courseName="Special Topic" />
<course code="LW110" courseName="Law and Society" />
<course code="LW111" courseName="Courts and Dispute Resolution 1" />
<course code="LW112" courseName="Legislation" />
<course code="LW113" courseName="Courts and Dispute Resolution 2" />
<course code="LW201" courseName="Law of Contract 1" />
<course code="LW202" courseName="Law of Contract 2" />
<course code="LW203" courseName="Torts 1" />
<course code="LW204" courseName="Torts 2" />
<course code="LW205" courseName="Criminal Law and Procedure 1" />
<course code="LW206" courseName="Criminal Law and Procedure 2" />
<course code="LW300" courseName="Property Law 1" />
<course code="LW301" courseName="Property Law 2" />
<course code="LW302" courseName="Equity and Trusts" />
<course code="LW303" courseName="Succession" />
<course code="LW304" courseName="Legal Drafting" />
<course code="LW305" courseName="Current Developments in Pacific Law" />
<course code="LW306" courseName="Legal Ethics" />
<course code="LW307" courseName="Evidence" />
<course code="LW308" courseName="Constitutional Law" />
<course code="LW309" courseName="Administrative Law" />
<course code="LW310" courseName="Family Law" />
<course code="LW312" courseName="E-Commerce Law" />
<course code="LW314" courseName="Special Topic" />
<course code="LW317" courseName="Health Law and Ethics" />
<course code="LW322" courseName="Intellectual Property Law" />
<course code="LW324" courseName="European Union Law Relating to the Pacific" />
<course code="LW330" courseName="Public International Law" />
<course code="LW331" courseName="Human Rights" />
<course code="LW334" courseName="Serious Financial Crimes" />
<course code="LW340" courseName="Pacific Land Tenure" />
<course code="LW341" courseName="Customary Law" />
<course code="LW352" courseName="Regional Environmental Law" />
<course code="LW353" courseName="International Environmental Law" />
<course code="LW355" courseName="Law of the Sea" />
<course code="LW356" courseName="Marine Law" />
<course code="LW370" courseName="Company and Partnership Law 1" />
<course code="LW371" courseName="Company and Partnership Law 2" />
<course code="LW372" courseName="Commercial Law" />
<course code="LW373" courseName="Foreign Trade and Investment Law" />
<course code="LW374" courseName="Revenue and Taxation Law" />
<course code="LW375" courseName="Labour Law" />
<course code="LW390" courseName="Research Project" />
<course code="LW391" courseName="Law Clinic" />
<course code="LW392" courseName="Civil Procedure" />
<course code="LW393" courseName="Advocacy Skills and Prosecutorial Practice" />
<course code="LW395" courseName="Special Topic: Climate Change Law" />
<course code="LW395A" courseName="Special Topic International Fisheries Law" />
<course code="LW395C" courseName="Special Topic International Criminal Law" />
<course code="LW400" courseName="Advanced Pacific Legal System" />
<course code="LW402" courseName="Advanced Equity and Trusts" />
<course code="LW403" courseName="Advanced Succession" />
<course code="LW407" courseName="Advanced Evidence" />
<course code="LW410" courseName="Advanced Family Law" />
<course code="LW412" courseName="Advanced E-Commerce Law" />
<course code="LW414" courseName="Advanced Special Topic" />
<course code="LW417" courseName="Advanced Health Law and Ethics" />
<course code="LW422" courseName="Advanced Intellectual Property Law" />
<course code="LW424" courseName="Advanced European Union Law Relating to the Pacific" />
<course code="LW430" courseName="Advanced Public International Law" />
<course code="LW431" courseName="Advanced Human Rights" />
<course code="LW434" courseName="Advanced Serious Financial Crimes" />
<course code="LW440" courseName="Advanced Pacific Land Tenure" />
<course code="LW441" courseName="Advanced Customary Law" />
<course code="LW452" courseName="Advanced Regional Environmental Law" />
<course code="LW453" courseName="Advanced International Environmental Law" />
<course code="LW455" courseName="Advanced Law of the Sea" />
<course code="LW456" courseName="Advanced Marine Law" />
<course code="LW470" courseName="Advanced Company and Partnership Law 1" />
<course code="LW471" courseName="Advanced Company and Partnership Law 2" />
<course code="LW472" courseName="Advanced Commercial Law" />
<course code="LW473" courseName="Advanced Foreign Trade and Investment Law" />
<course code="LW474" courseName="Advanced Revenue and Taxation Law" />
<course code="LW475" courseName="Advanced Labour Law" />
<course code="LW490" courseName="Advanced Research Project" />
<course code="LW492" courseName="Advanced Civil Procedure" />
<course code="LW493" courseName="Advanced Advocacy Skills and Prosecutorial Practice" />
<course code="LW495" courseName="Advanced Special Topic: Climate Change Law" />
<course code="LW495A" courseName="Advanced Special Topic International Fisheries Law" />
<course code="LW495C" courseName="Advanced Special Topic International Criminal Law" />
<course code="LWD01" courseName="Criminal Litigation Skills and Practice" />
<course code="LWD02" courseName="Civil Litigation Skills and Practice" />
<course code="LWD03" courseName="Wills and Estates Skills and Practice" />
<course code="LWD04" courseName="Conveyancing Skills and Practice" />
<course code="LWD05" courseName="Business Law, Skills and Practice" />
<course code="LWD06" courseName="Family Law and Human Rights, Skills and Practice" />
<course code="LWD07" courseName="Ethics and Professionalism and Work Skills" />
<course code="LWD08" courseName="Practice Placement" />
<course code="LWD11" courseName="Back to Basics" />
<course code="LWD12" courseName="Working Within Limits" />
<course code="LWD13" courseName="Making the Right Expression" />
<course code="LWD14" courseName="Putting on the Style, Getting Organised" />
<course code="LWD15" courseName="Topping and Tailing" />
<course code="LWD16" courseName="Particular Cases" />
<course code="LWD17" courseName="Drafting Workshop" />
<course code="PL100" courseName="Politics and Government" />
<course code="PL101" courseName="Politics of Development" />
<course code="PL200" courseName="Pacific in a Changing World Order" />
<course code="PL201" courseName="International Politics" />
<course code="PL202" courseName="Political Ideologies" />
<course code="PL203" courseName="Governance and Development in the Pacific" />
<course code="PL300" courseName="Parties, Electoral Politics and Democracy: Case Studies" />
<course code="PL302" courseName="International Politics of Asia-Pacific" />
<course code="PL305" courseName="Politics of Human Rights" />
<course code="PL307" courseName="Political Leadership" />
<course code="PL400" courseName="Regional Diplomacy in the Pacific Islands" />
<course code="PL402" courseName="Intervention and Peace Building" />
<course code="PL403" courseName="Pacific Politics" />
<course code="PL409" courseName="Diplomacy, Negotiations and Statecraft" />
<course code="PL410" courseName="World Politics and International Relations" />
<course code="PL411" courseName="Research Essay in Diplomacy and International Affairs" />
<course code="PP101" courseName="Contemporary Issues in Pacific Policing" />
<course code="PP201" courseName="Comparative and International Policing" />
<course code="PP202" courseName="Police and Society in the Pacific" />
<course code="PP300" courseName="Action Research in a Police Context" />
<course code="PP301" courseName="Police Leadership and Command Management" />
<course code="PP302" courseName="Ethical Dimensions in Policing" />
<course code="PP404" courseName="Border Management and the Security Context" />
<course code="PP405" courseName="Ethical Issues in Leadership and Command" />
<course code="PP406" courseName="Border Security Intelligence and the International Security Environment" />
<course code="PP407" courseName="International Cooperation, Partnership and the Border Security Context" />
<course code="PS101" courseName="Introduction to Psychology" />
<course code="PS102" courseName="Developmental Psychology" />
<course code="PS103" courseName="Research Methods and Analysis for Social Sciences 1" />
<course code="PS107" courseName="Approaches to Social Psychology" />
<course code="PS203" courseName="Psychological Research Methods and Analysis 2" />
<course code="PS205" courseName="Cognitive Psychology" />
<course code="PS206" courseName="Cross-cultural Psychology" />
<course code="PS303" courseName="Psychological Research Methods and Analysis 3" />
<course code="PS304" courseName="Psychology of Personality and Individual Differences" />
<course code="PS305" courseName="Psychology of Individual and Community Health" />
<course code="PS306" courseName="Cognitive Neuropsychology" />
<course code="PS314" courseName="Applying Psychology in the Pacific" />
<course code="PS402" courseName="Advanced Cross-cultural Psychology" />
<course code="PS407" courseName="Psychological Assessment" />
<course code="PS408" courseName="Clinical and Counselling Intervention" />
<course code="SO100" courseName="Themes and Perspectives in Sociology" />
<course code="SO122" courseName="Classical Sociological Theories and Methodologies" />
<course code="SO200" courseName="Modern Social Theory" />
<course code="SO201" courseName="Society, Culture and Change in the Pacific" />
<course code="SO207" courseName="Families, Sexuality and Change in the Pacific" />
<course code="SO212" courseName="Race and Ethnicity" />
<course code="SO300" courseName="Research Methods in Sociology" />
<course code="SO301" courseName="Sociology of Public Policy and Administration" />
<course code="SO303" courseName="Advanced Sociological Theory" />
<course code="SO304" courseName="Religion and Politics in Contemporary Society" />
<course code="SO311" courseName="Crime and Deviance" />
<course code="SO401" courseName="Theories of Social Inequality" />
<course code="SO408" courseName="Issues in Social and Public Policy" />
<course code="SO409" courseName="Social Development" />
<course code="SO415" courseName="Contemporary Social Issues" />
<course code="SW100" courseName="Introduction to Social and Community Work Practice" />
<course code="SW101" courseName="Social Policy: An Introduction" />
<course code="SW200" courseName="Fieldwork Practice 1" />
<course code="SW201" courseName="Social and Community Work Practice 1" />
<course code="SW300" courseName="Fieldwork Practice 2" />
<course code="SW301" courseName="Social and Community Work Practice 2" />
<course code="SW312" courseName="Counselling Theory and Practice" />
</courses>