<programs>
    <program programName="Certificate in Justice" />
    <program programName="Certificate in Policing" />
    <program programName="Certificate in Social and Community Work" />
    <program programName="Diploma in Justice" />
    <program programName="Diploma in Leader, Governance and Human Rights " />
    <program programName="Diploma in Police Management" />
    <program programName="Diploma in Prosecutions" />
    <program programName="Diploma in Social and Community Work" />
    <program programName="Bachelor of Arts" />
    <program programName="Bachelor of Laws" />
    <program programName="Bachelor of Art and Bachelor of Law" />
    <program programName="Bachelor of Commerce and Bachelor of Law" />
    <program programName="Postgraduate Certificate in Border Security" />
    <program programName="Postgraduate Certificate in Diplomacy and International Affairs" />
    <program programName="Postgraduate Certificate in Gender Studies" />
    <program programName="Postgraduate Diploma in Arts" />
    <program programName="Postgraduate Diploma in Border Security" />
    <program programName="Postgraduate Diploma in Law" />
    <program programName="Postgraduate Diploma in Development Studies" />
    <program programName="Postgraduate Diploma in Diplomacy and International Affairs" />
    <program programName="Postgraduate Diploma in Governance" />
    <program programName="Professional Diploma in Legal Practice" />
    <program programName="Professional Diploma in Legislative Drafting" />
    <program programName="Master of Arts" />
    <program programName="Master of Arts in Development Studies" />
    <program programName="Master of Arts in Diplomacy and International Affairs" />
    <program programName="Master of Border Security" />
    <program programName="Master of Environmental Law" />
    <program programName="Master of Arts In Governance" />
    <program programName="Master of Arts in Politics/International Affairs" />
    <program programName="Master of Laws" />
    <program programName="Doctor of Philosophy" />
</programs>