<subPrograms>
    <subProgram subProgramName="History" />
    <subProgram subProgramName="Law" />
    <subProgram subProgramName="Pacific Policing" />
    <subProgram subProgramName="Politics and International Affairs" />
    <subProgram subProgramName="Psychology" />
    <subProgram subProgramName="Social Work" />
    <subProgram subProgramName="Sociology" />
    <subProgram subProgramName="Gender Studies" />
    <subProgram subProgramName="Social Policy and Administration" />
    <subProgram subProgramName="Social Policy" />
</subPrograms>